model,code_switching,grammar,fluency,adequacy,task_specific_dim
deepseek,5.0,4.375,3.625,3.5416666666666665,3.0416666666666665
gemma2,5.0,4.916666666666667,4.083333333333333,3.625,3.375
glm4,5.0,4.458333333333333,3.75,3.2083333333333335,3.125
llama31,5.0,4.583333333333333,3.5,3.0833333333333335,2.9166666666666665
mistral,5.0,4.458333333333333,3.1666666666666665,2.75,2.5
qwen25,5.0,4.541666666666667,3.5416666666666665,3.4583333333333335,3.2083333333333335
