transparency,code_switching,grammar,fluency,adequacy
high,5.0,4.173184357541899,3.9259776536312847,3.6620111731843576
low,4.969444444444444,4.0,3.8694444444444445,3.1486111111111112
