model,code_switching,grammar,fluency,adequacy,task_specific_dim
deepseek,5.0,4.541666666666667,4.458333333333333,3.625,3.5
gemma2,5.0,4.833333333333333,4.75,4.125,3.8333333333333335
glm4,5.0,4.833333333333333,4.791666666666667,3.6666666666666665,4.5
llama31,5.0,4.208333333333333,3.7083333333333335,3.375,3.0833333333333335
mistral,5.0,3.0416666666666665,2.6666666666666665,2.5416666666666665,2.6666666666666665
qwen25,5.0,5.0,5.0,4.0,4.666666666666667
