model,code_switching,grammar,fluency,adequacy,task_specific_dim
deepseek,4.916666666666667,4.958333333333333,4.541666666666667,2.75,2.875
gemma2,5.0,4.791666666666667,4.833333333333333,3.0,3.4166666666666665
glm4,4.916666666666667,4.916666666666667,4.75,3.25,3.25
llama31,5.0,5.0,4.833333333333333,3.5833333333333335,3.4583333333333335
mistral,5.0,4.583333333333333,4.416666666666667,1.7083333333333333,1.9166666666666667
qwen25,4.916666666666667,4.583333333333333,4.583333333333333,3.7083333333333335,3.375
