dimension,n_pairs,weighted_kappa
code_switching,718,1.0
grammar,718,0.7823220802076363
fluency,718,0.7897052408549885
adequacy,718,0.8737570718541458
task_specific_dim,718,0.9355909273791809
